Max_Length,Max_Weight,Input_Length,Input_Weight,Next_Fit,First_Fit,Best_Fit_W_L,Best_Fit_W_W
29.702997, 517.015, [9.05241|11.356335|15.910704|13.416039|14.084576|6.880677|13.725003|7.382376|12.903995|16.679935], [56.8669|146.2136|515.31366|368.64893|256.24442|292.08362|149.95792|372.10107|355.1366|455.7142], 8,7,8,8
