Max_Length,Max_Weight,Input_Length,Input_Weight,Next_Fit,First_Fit,Best_Fit_W_L,Best_Fit_W_W
19.090698, 443.4732, [14.254423|13.9144945|11.119356|10.28236|10.211049|10.061786|9.775585|7.7142005|6.369555|6.3016114], [52.43579|518.2777|160.56781|69.23337|67.917534|519.8132|34.320923|138.32526|208.56482|501.46832], 6,7,8,8
