Max_Length,Max_Weight,Input_Length,Input_Weight,Next_Fit,First_Fit,Best_Fit_W_L,Best_Fit_W_W
13.69985, 135.77652, [11.437478|10.302806|11.171298|14.721718|14.155215|12.3597765|11.895023|9.967993|16.136034|13.795051], [404.55014|297.39197|202.15157|488.64664|324.66525|526.2067|125.93585|307.2509|482.2374|426.5497], 2,10,10,10
