Max_Length,Max_Weight,Input_Length,Input_Weight,Next_Fit,First_Fit,Best_Fit_W_L,Best_Fit_W_W
39.047577, 496.24112, [6.385872|7.013925|7.2314754|8.704696|9.05061|10.028366|12.524978|12.629319|13.562608|14.535553], [247.36244|213.76512|224.73048|94.59582|353.89078|335.74686|425.4829|270.82953|187.30455|449.46936], 7,7,7,7
