Max_Length,Max_Weight,Input_Length,Input_Weight,Next_Fit,First_Fit,Best_Fit_W_L,Best_Fit_W_W
15.892804, 139.70833, [6.3202405|6.52771|6.8779|7.0641904|7.334837|11.337145|13.58599|15.693047|15.956149|16.020052], [183.40215|430.50757|135.16884|229.75015|120.59176|39.634396|126.89577|417.0739|522.6415|354.41718], 5,10,10,10
