Max_Length,Max_Weight,Input_Length,Input_Weight,Next_Fit,First_Fit,Best_Fit_W_L,Best_Fit_W_W
15.346234, 212.54077, [14.537336|13.49464|7.128706|12.943114|14.130347|14.913594|12.710197|9.5110035|16.707401|8.901073], [3.5616474|3.306187|1.7465329|3.171063|3.461935|3.6538305|3.1139984|2.330196|4.093313|2.180763], 9,10,10,10
