Max_Length,Max_Weight,Input_Length,Input_Weight,Next_Fit,First_Fit,Best_Fit_W_L,Best_Fit_W_W
30.68426, 76.12408, [14.05307|13.529235|13.255581|11.347795|10.834662|9.956461|9.145372|8.112693|6.730062|6.464357], [3.4430022|3.3146625|3.2476172|2.7802095|2.6544924|2.439333|2.2406163|1.9876097|1.6488652|1.5837674], 4,5,5,5
