Max_Length,Max_Weight,Input_Length,Input_Weight,Next_Fit,First_Fit,Best_Fit_W_L,Best_Fit_W_W
24.938375, 273.20694, [7.743966|11.598099|7.4237013|14.625998|15.471357|9.673703|11.453854|10.813122|6.7372837|14.811421], [1.8972718|2.8415341|1.8188068|3.5833695|3.7904825|2.3700573|2.806194|2.6492147|1.6506345|3.6287982], 6,6,6,6
