Max_Length,Max_Weight,Input_Length,Input_Weight,Next_Fit,First_Fit,Best_Fit_W_L,Best_Fit_W_W
12.441714, 223.08112, [8.581781|8.707325|9.632608|9.845048|11.630214|11.796217|12.209867|13.643776|14.704886|16.983349], [2.1025364|2.1332946|2.3599892|2.4120367|2.8494024|2.890073|2.9914174|3.342725|3.6026971|4.1609206], 7,10,10,10
