Max_Length,Max_Weight,Input_Length,Input_Weight,Next_Fit,First_Fit,Best_Fit_W_L,Best_Fit_W_W
28.693789, 503.3266, [9.0610285|9.069099|9.744817|10.0651|12.263798|12.438342|13.477546|13.867367|15.304257|16.684872], [2.2199519|2.2219293|2.38748|2.4659495|3.0046306|3.0473938|3.3019986|3.3975048|3.749543|4.0877934], 6,10,6,6
